id,name,email,gender
1,Haly,phaly0@jugem.jp,Female
2,Grindle,sgrindle1@globo.com,Female
3,Borrett,eborrett2@wired.com,Female
4,Snasdell,csnasdell3@ask.com,Male
5,Bowley,ibowley4@pagesperso-orange.fr,Female
6,Coronas,mcoronas5@constantcontact.com,Female
7,Rois,crois6@opensource.org,Female
8,Philipp,jphilipp7@mapy.cz,Female
9,Hatchard,hhatchard8@cargocollective.com,Female
